user_id,name,email,age
00234e50-34eb-4ce2-94ec-26e3fa749796,Dan Altenwerth Jr.,Molly59@gmail.com,67
006bfede-724d-4cdd-a2a6-59700f40d0da,Glenda Wisozk,Miriam21@gmail.com,119
006e1f7f-90c2-45ad-8c1d-1275d594cc88,Daniel Fahey IV,Delia.Lesch11@hotmail.com,49
00af05c9-0a86-419e-8c2d-5fb7e899ae1c,Ronnie Bechtelar,Sandra19@yahoo.com,22
00cc08cc-62f4-4da1-b8e4-f5d9ef5dbbd4,Alma Bechtelar,Shelly_Balistreri22@hotmail.com,102
01187f09-72be-4924-8a2d-150645dcadad,Jonathon Jones,Jody.Quigley-Ziemann33@yahoo.com,116
01ab6c5d-7ae2-4968-991a-d63e93d8d025,Forrest Heaney,Albert51@hotmail.com,104
01c3d2e1-45a6-78b9-c0d1-e2f3a4b5c6d7,Alice Smith,alice.smith@example.com,30
02d4f6g8-12h3-45j6-78k9-l0m1n2o3p4q5,Bob Johnson,bob.j@example.com,25
03e5g7i9-12k3-45m6-78o9-p0q1r2s3t4u5,Charlie Brown,charlie.b@example.com,40
04f6h8j0-12l3-45n6-78p9-q0r1s2t3u4v5,Diana Prince,diana.p@example.com,28
05g7i9k1-12m3-45o6-78q9-r0s1t2u3v4w5,Ethan Hunt,ethan.h@example.com,35
06h8j0l2-12n3-45p6-78r9-s0t1u2v3w4x5,Fiona Glenanne,fiona.g@example.com,50
07i9k1m3-12o3-45q6-78s9-t0u1v2w3x4y5,George Costanza,george.c@example.com,60
08j0l2n4-12p3-45r6-78t9-u0v1w2x3y4z5,Hannah Montana,hannah.m@example.com,18
09k1m3o5-12q3-45s6-78u9-v0w1x2y3z4a5,Ivy Pepper,ivy.p@example.com,20
10l2n4p6-12r3-45t6-78v9-w0x1y2z3a4b5,Jack Reacher,jack.r@example.com,45